,day,temperature,cloud_cover,precipitation
0,2018-01-01,12.86,32.14,0.0
1,2018-01-02,15.06,28.94,0.0
2,2018-01-03,16.69,28.5,0.0
3,2018-01-04,15.5,30.25,0.0
4,2018-01-05,16.5,31.75,0.0
5,2018-01-06,16.75,27.56,0.0
6,2018-01-07,13.62,27.5,0.0
7,2018-01-08,16.94,22.24,0.13
8,2018-01-09,13.26,16.6,1.8
9,2018-01-10,10.5,33.25,0.0
10,2018-01-11,11.81,33.5,0.0
11,2018-01-12,14.69,32.75,0.0
12,2018-01-13,15.94,32.5,0.0
13,2018-01-14,16.5,31.0,0.0
14,2018-01-15,14.94,32.75,0.0
15,2018-01-16,14.62,32.25,0.0
16,2018-01-17,15.94,32.38,0.0
17,2018-01-18,17.0,33.5,0.0
18,2018-01-19,14.05,24.45,0.0
19,2018-01-20,11.75,30.19,0.0
20,2018-01-21,9.18,33.24,0.0
21,2018-01-22,10.81,32.38,0.0
22,2018-01-23,11.94,33.5,0.0
23,2018-01-24,13.94,33.25,0.0
24,2018-01-25,10.89,29.78,0.0
25,2018-01-26,11.31,32.5,0.0
26,2018-01-27,12.44,33.25,0.0
27,2018-01-28,21.94,33.29,0.0
28,2018-01-29,23.06,32.75,0.0
29,2018-01-30,19.44,30.81,0.0
30,2018-01-31,16.75,33.5,0.0
31,2018-02-01,17.32,33.37,0.0
32,2018-02-02,17.69,33.5,0.0
33,2018-02-03,16.94,33.0,0.0
34,2018-02-04,17.44,33.5,0.0
35,2018-02-05,16.69,33.25,0.0
36,2018-02-06,13.9,23.43,0.0
37,2018-02-07,16.19,33.5,0.0
38,2018-02-08,17.38,33.5,0.0
39,2018-02-09,16.44,33.5,0.0
40,2018-02-10,13.1,26.75,0.0
41,2018-02-11,14.06,31.72,0.0
42,2018-02-12,13.0,29.0,0.0
43,2018-02-13,11.62,29.19,0.02
44,2018-02-14,13.81,25.19,0.0
45,2018-02-15,14.38,31.5,0.0
46,2018-02-16,14.88,33.25,0.0
47,2018-02-17,13.94,33.5,0.0
48,2018-02-18,12.56,33.5,0.0
49,2018-02-19,10.67,29.61,0.0
50,2018-02-20,7.94,32.25,0.0
51,2018-02-21,9.12,30.88,0.0
52,2018-02-22,8.0,31.75,0.0
53,2018-02-23,8.5,31.39,0.0
54,2018-02-24,8.35,32.59,0.0
55,2018-02-25,10.5,33.5,0.0
56,2018-02-26,11.5,33.33,0.0
57,2018-02-27,8.33,28.06,0.15
58,2018-02-28,7.81,33.31,0.0
59,2018-03-01,9.94,30.69,0.0
60,2018-03-02,10.33,13.53,0.25
61,2018-03-03,11.33,21.61,0.23
62,2018-03-04,8.94,32.81,0.0
63,2018-03-05,11.38,32.06,0.0
64,2018-03-06,14.56,31.25,0.0
65,2018-03-07,14.31,30.88,0.0
66,2018-03-08,14.69,31.94,0.0
67,2018-03-09,14.88,33.31,0.0
68,2018-03-10,13.95,23.76,0.0
69,2018-03-11,13.92,21.88,0.25
70,2018-03-12,14.03,25.14,0.0
71,2018-03-13,15.87,25.39,0.01
72,2018-03-14,13.73,23.45,0.38
73,2018-03-15,12.32,29.52,1.48
74,2018-03-16,11.5,27.94,0.0
75,2018-03-17,11.26,28.57,0.0
76,2018-03-18,10.12,33.06,0.0
77,2018-03-19,13.31,32.38,0.0
78,2018-03-20,15.69,27.44,0.0
79,2018-03-21,13.29,20.95,1.15
80,2018-03-22,14.59,17.32,0.94
81,2018-03-23,14.32,26.45,0.06
82,2018-03-24,12.71,28.38,0.0
83,2018-03-25,12.56,29.33,0.0
84,2018-03-26,13.47,33.35,0.0
85,2018-03-27,16.47,33.59,0.0
86,2018-03-28,15.75,32.56,0.0
87,2018-03-29,16.88,33.56,0.0
88,2018-03-30,18.38,33.31,0.0
89,2018-03-31,17.94,31.31,0.0
90,2018-04-01,14.58,24.11,0.0
91,2018-04-02,13.95,27.05,0.0
92,2018-04-03,15.0,29.4,0.0
93,2018-04-04,13.86,27.57,0.0
94,2018-04-05,15.15,24.05,0.0
95,2018-04-06,16.12,31.12,0.0
96,2018-04-07,16.94,29.82,0.0
97,2018-04-08,17.0,32.56,0.0
98,2018-04-09,20.88,33.56,0.0
99,2018-04-10,22.94,33.56,0.0
100,2018-04-11,20.06,33.06,0.0
101,2018-04-12,14.4,30.95,0.0
102,2018-04-13,17.81,33.56,0.0
103,2018-04-14,19.38,33.62,0.0
104,2018-04-15,18.25,31.0,0.0
105,2018-04-16,14.35,30.94,0.0
106,2018-04-17,13.0,33.65,0.0
107,2018-04-18,15.44,33.38,0.0
108,2018-04-19,11.89,27.44,0.0
109,2018-04-20,14.5,32.78,0.0
110,2018-04-21,18.75,32.62,0.0
111,2018-04-22,20.75,33.0,0.0
112,2018-04-23,18.69,31.81,0.0
113,2018-04-24,16.69,31.56,0.0
114,2018-04-25,15.29,27.95,0.0
115,2018-04-26,15.3,30.3,0.0
116,2018-04-27,14.2,28.65,0.0
117,2018-04-28,15.62,33.62,0.0
118,2018-04-29,15.05,31.47,0.0
119,2018-04-30,14.58,27.71,0.0
120,2018-05-01,12.15,24.85,0.01
121,2018-05-02,13.43,26.19,0.0
122,2018-05-03,15.5,30.56,0.0
123,2018-05-04,20.62,33.38,0.0
124,2018-05-05,23.94,32.88,0.0
125,2018-05-06,22.5,28.19,0.0
126,2018-05-07,18.94,32.5,0.0
127,2018-05-08,19.5,32.88,0.0
128,2018-05-09,18.12,31.82,0.0
129,2018-05-10,17.84,31.26,0.0
130,2018-05-11,14.91,25.82,0.0
131,2018-05-12,14.08,23.5,0.03
132,2018-05-13,14.5,26.5,0.0
133,2018-05-14,15.38,33.62,0.0
134,2018-05-15,15.67,32.22,0.0
135,2018-05-16,16.61,33.39,0.0
136,2018-05-17,16.18,33.65,0.0
137,2018-05-18,16.12,26.42,0.0
138,2018-05-19,15.38,28.14,0.0
139,2018-05-20,16.83,26.11,0.0
140,2018-05-21,14.82,24.57,0.04
141,2018-05-22,15.23,26.27,0.0
142,2018-05-23,15.67,26.11,0.0
143,2018-05-24,14.79,25.21,0.0
144,2018-05-25,15.59,26.82,0.0
145,2018-05-26,15.19,32.0,0.0
146,2018-05-27,15.89,31.33,0.0
147,2018-05-28,15.86,32.19,0.0
148,2018-05-29,17.15,27.05,0.0
149,2018-05-30,15.2,21.35,0.06
150,2018-05-31,17.22,26.78,0.0
151,2018-06-01,17.44,33.62,0.0
152,2018-06-02,20.0,33.62,0.0
153,2018-06-03,20.75,33.62,0.0
154,2018-06-04,18.95,31.79,0.0
155,2018-06-05,17.63,26.26,0.0
156,2018-06-06,17.68,27.74,0.0
157,2018-06-07,16.45,30.05,0.0
158,2018-06-08,20.5,33.62,0.0
159,2018-06-09,21.44,33.62,0.0
160,2018-06-10,20.44,32.88,0.0
161,2018-06-11,22.19,33.62,0.0
162,2018-06-12,22.4,33.67,0.0
163,2018-06-13,22.06,33.62,0.0
164,2018-06-14,20.94,33.38,0.0
165,2018-06-15,20.62,32.62,0.0
166,2018-06-16,17.55,26.5,0.0
167,2018-06-17,16.05,26.2,0.0
168,2018-06-18,17.35,29.95,0.0
169,2018-06-19,17.37,31.95,0.0
170,2018-06-20,19.81,32.56,0.0
171,2018-06-21,20.29,28.0,0.0
172,2018-06-22,19.7,27.05,0.0
173,2018-06-23,18.83,27.56,0.0
174,2018-06-24,18.29,27.65,0.0
175,2018-06-25,19.5,30.15,0.0
176,2018-06-26,19.19,29.9,0.0
177,2018-06-27,20.18,33.12,0.0
178,2018-06-28,19.05,30.95,0.0
179,2018-06-29,18.94,28.61,0.0
180,2018-06-30,19.5,28.3,0.0
181,2018-07-01,19.94,30.28,0.0
182,2018-07-02,19.47,30.11,0.0
183,2018-07-03,19.16,29.21,0.0
184,2018-07-04,20.15,29.9,0.0
185,2018-07-05,23.0,32.38,0.0
186,2018-07-06,32.19,31.81,0.0
187,2018-07-07,33.31,31.12,0.0
188,2018-07-08,30.44,31.75,0.0
189,2018-07-09,28.81,31.12,0.0
190,2018-07-10,25.75,30.12,0.0
191,2018-07-11,25.94,32.38,0.0
192,2018-07-12,25.56,29.75,0.0
193,2018-07-13,25.12,33.62,0.0
194,2018-07-14,24.25,33.62,0.0
195,2018-07-15,24.62,33.62,0.0
196,2018-07-16,23.29,32.06,0.0
197,2018-07-17,21.89,32.21,0.0
198,2018-07-18,22.5,31.59,0.0
199,2018-07-19,24.31,33.38,0.0
200,2018-07-20,24.06,33.25,0.0
201,2018-07-21,22.5,33.38,0.0
202,2018-07-22,24.38,32.62,0.0
203,2018-07-23,27.69,32.81,0.0
204,2018-07-24,27.88,33.62,0.0
205,2018-07-25,27.12,33.38,0.0
206,2018-07-26,25.31,33.62,0.0
207,2018-07-27,24.26,31.16,0.0
208,2018-07-28,22.94,31.11,0.0
209,2018-07-29,25.81,33.62,0.0
210,2018-07-30,26.62,29.75,0.0
211,2018-07-31,27.56,33.62,0.0
212,2018-08-01,26.62,33.62,0.0
213,2018-08-02,25.69,33.62,0.0
214,2018-08-03,26.19,33.62,0.0
215,2018-08-04,25.19,33.62,0.0
216,2018-08-05,25.12,33.62,0.0
217,2018-08-06,26.62,33.62,0.0
218,2018-08-07,28.0,33.62,0.0
219,2018-08-08,27.19,33.62,0.0
220,2018-08-09,27.94,33.62,0.0
221,2018-08-10,27.31,31.88,0.0
222,2018-08-11,27.36,33.91,0.0
223,2018-08-12,24.88,33.62,0.0
224,2018-08-13,23.81,33.62,0.0
225,2018-08-14,22.75,33.62,0.0
226,2018-08-15,23.12,33.38,0.0
227,2018-08-16,23.42,32.47,0.0
228,2018-08-17,24.15,29.65,0.0
229,2018-08-18,23.0,31.6,0.0
230,2018-08-19,23.5,32.56,0.0
231,2018-08-20,22.86,31.14,0.0
232,2018-08-21,23.06,28.83,0.0
233,2018-08-22,22.81,29.52,0.0
234,2018-08-23,22.0,31.61,0.0
235,2018-08-24,20.33,30.21,0.0
236,2018-08-25,21.29,30.0,0.0
237,2018-08-26,19.96,28.83,0.0
238,2018-08-27,19.64,28.05,0.0
239,2018-08-28,20.24,29.53,0.0
240,2018-08-29,22.44,31.31,0.0
241,2018-08-30,23.12,33.31,0.0
242,2018-08-31,22.44,33.56,0.0
243,2018-09-01,20.57,31.29,0.0
244,2018-09-02,20.37,27.68,0.0
245,2018-09-03,21.41,28.35,0.0
246,2018-09-04,21.5,29.44,0.0
247,2018-09-05,20.58,28.42,0.0
248,2018-09-06,20.16,29.95,0.0
249,2018-09-07,20.89,30.22,0.0
250,2018-09-08,24.81,33.56,0.0
251,2018-09-09,24.94,33.56,0.0
252,2018-09-10,21.7,30.05,0.0
253,2018-09-11,20.74,28.79,0.0
254,2018-09-12,20.19,28.71,0.0
255,2018-09-13,21.5,33.17,0.0
256,2018-09-14,23.94,33.56,0.0
257,2018-09-15,23.35,33.59,0.0
258,2018-09-16,22.56,33.56,0.0
259,2018-09-17,21.81,33.56,0.0
260,2018-09-18,20.56,33.56,0.0
261,2018-09-19,19.56,33.56,0.0
262,2018-09-20,20.0,33.59,0.0
263,2018-09-21,20.43,26.33,0.0
264,2018-09-22,22.25,33.56,0.0
265,2018-09-23,21.19,32.94,0.0
266,2018-09-24,18.89,28.74,0.0
267,2018-09-25,17.5,26.5,0.0
268,2018-09-26,19.23,29.23,0.0
269,2018-09-27,21.88,31.47,0.0
270,2018-09-28,19.68,24.64,0.0
271,2018-09-29,19.89,28.63,0.0
272,2018-09-30,20.12,33.31,0.0
273,2018-10-01,24.5,31.81,0.0
274,2018-10-02,23.75,27.06,0.0
275,2018-10-03,20.12,26.69,0.0
276,2018-10-04,19.05,29.65,0.03
277,2018-10-05,18.09,30.59,0.0
278,2018-10-06,18.58,30.37,0.0
279,2018-10-07,18.22,32.06,0.0
280,2018-10-08,17.28,31.94,0.0
281,2018-10-09,18.26,28.74,0.0
282,2018-10-10,17.14,29.36,0.0
283,2018-10-11,17.0,32.06,0.0
284,2018-10-12,18.81,33.56,0.0
285,2018-10-13,17.0,20.82,0.27
286,2018-10-14,17.29,27.25,0.0
287,2018-10-15,20.11,33.61,0.0
288,2018-10-16,18.56,33.56,0.0
289,2018-10-17,18.19,33.56,0.0
290,2018-10-18,18.94,33.56,0.0
291,2018-10-19,21.38,33.56,0.0
292,2018-10-20,21.44,33.56,0.0
293,2018-10-21,19.69,33.56,0.0
294,2018-10-22,17.32,29.32,0.0
295,2018-10-23,18.38,28.25,0.0
296,2018-10-24,18.82,33.53,0.0
297,2018-10-25,16.5,23.97,0.0
298,2018-10-26,20.44,33.56,0.0
299,2018-10-27,21.31,33.56,0.0
300,2018-10-28,19.44,32.81,0.0
301,2018-10-29,18.12,32.5,0.0
302,2018-10-30,16.75,28.38,0.0
303,2018-10-31,17.44,32.75,0.0
304,2018-11-01,18.19,33.31,0.0
305,2018-11-02,20.81,33.31,0.0
306,2018-11-03,20.94,33.31,0.0
307,2018-11-04,20.38,33.06,0.0
308,2018-11-05,15.0,26.22,0.0
309,2018-11-06,17.84,29.11,0.0
310,2018-11-07,16.11,28.26,0.0
311,2018-11-08,14.91,27.48,0.0
312,2018-11-09,21.69,30.56,0.0
313,2018-11-10,14.12,22.0,0.0
314,2018-11-11,13.12,22.0,0.0
315,2018-11-12,13.56,33.5,0.0
316,2018-11-13,13.06,32.5,0.0
317,2018-11-14,16.62,31.38,0.0
318,2018-11-15,15.44,33.5,0.0
319,2018-11-16,14.81,30.25,0.0
320,2018-11-17,12.76,24.92,0.0
321,2018-11-18,14.88,29.25,0.0
322,2018-11-19,14.44,27.88,0.0
323,2018-11-20,14.06,32.25,0.0
324,2018-11-21,13.3,25.6,0.0
325,2018-11-22,14.06,23.09,0.37
326,2018-11-23,12.94,33.25,0.0
327,2018-11-24,14.12,32.5,0.0
328,2018-11-25,14.56,31.75,0.0
329,2018-11-26,15.25,33.5,0.0
330,2018-11-27,15.69,30.5,0.0
331,2018-11-28,11.92,28.83,0.0
332,2018-11-29,13.82,17.0,0.9
333,2018-11-30,12.84,30.0,0.0
334,2018-12-01,12.5,33.5,0.0
335,2018-12-02,12.25,33.0,0.0
336,2018-12-03,11.8,29.8,0.0
337,2018-12-04,12.5,31.25,0.0
338,2018-12-05,11.59,23.59,0.1
339,2018-12-06,9.39,20.93,2.99
340,2018-12-07,12.0,31.25,0.0
341,2018-12-08,12.5,33.5,0.0
342,2018-12-09,13.5,30.06,0.0
343,2018-12-10,14.12,26.25,0.0
344,2018-12-11,12.81,31.38,0.0
345,2018-12-12,11.11,31.68,0.0
346,2018-12-13,12.06,33.25,0.0
347,2018-12-14,13.31,30.06,0.0
348,2018-12-15,13.06,32.44,0.0
349,2018-12-16,12.0,33.0,0.0
350,2018-12-17,12.76,27.19,0.0
351,2018-12-18,12.26,31.32,0.0
352,2018-12-19,13.06,33.5,0.0
353,2018-12-20,13.75,32.5,0.0
354,2018-12-21,14.69,29.31,0.0
355,2018-12-22,12.25,31.75,0.0
356,2018-12-23,11.75,30.88,0.0
357,2018-12-24,10.2,24.36,0.0
358,2018-12-25,13.38,28.67,0.0
359,2018-12-26,13.44,33.0,0.0
360,2018-12-27,10.41,32.59,0.0
361,2018-12-28,11.94,33.56,0.0
362,2018-12-29,7.5,33.5,0.0
363,2018-12-30,8.94,33.25,0.0
364,2018-12-31,10.72,31.44,0.0
365,2019-01-01,10.31,33.5,0.0
366,2019-01-02,7.75,32.38,0.0
367,2019-01-03,8.44,33.5,0.0
368,2019-01-04,9.19,33.5,0.0
369,2019-01-05,9.63,26.79,0.0
370,2019-01-06,9.33,25.52,0.21
371,2019-01-07,10.66,19.09,0.21
372,2019-01-08,12.06,28.06,0.0
373,2019-01-09,11.12,32.75,0.0
374,2019-01-10,11.72,33.0,0.0
375,2019-01-11,8.43,25.14,0.0
376,2019-01-12,10.62,19.5,1.21
377,2019-01-13,8.62,31.12,0.0
378,2019-01-14,11.35,19.6,1.39
379,2019-01-15,10.0,24.39,0.01
380,2019-01-16,12.06,22.56,0.02
381,2019-01-17,14.65,14.07,0.87
382,2019-01-18,11.52,30.33,0.0
383,2019-01-19,13.56,33.5,0.0
384,2019-01-20,13.75,33.25,0.0
385,2019-01-21,12.83,32.22,0.0
386,2019-01-22,13.44,33.56,0.0
387,2019-01-23,10.38,33.5,0.0
388,2019-01-24,12.25,32.75,0.0
389,2019-01-25,13.25,33.5,0.0
390,2019-01-26,15.19,33.5,0.0
391,2019-01-27,14.88,32.12,0.0
392,2019-01-28,13.19,31.62,0.0
393,2019-01-29,16.0,27.38,0.0
394,2019-01-30,13.44,28.25,0.0
395,2019-01-31,12.26,22.23,1.13
396,2019-02-01,10.33,29.33,0.0
397,2019-02-02,11.84,21.97,2.92
398,2019-02-03,10.92,18.79,0.98
399,2019-02-04,11.07,21.07,1.05
400,2019-02-05,8.65,23.48,0.29
401,2019-02-06,7.75,32.0,0.0
402,2019-02-07,7.0,33.5,0.0
403,2019-02-08,7.94,33.5,0.0
404,2019-02-09,8.45,21.5,0.45
405,2019-02-10,8.9,23.03,0.65
406,2019-02-11,6.94,33.53,0.0
407,2019-02-12,9.24,32.35,0.0
408,2019-02-13,11.88,24.75,0.02
409,2019-02-14,13.84,18.16,2.9
410,2019-02-15,10.62,27.56,0.0
411,2019-02-16,9.5,32.0,0.03
412,2019-02-17,8.0,31.18,0.0
413,2019-02-18,7.88,32.71,0.0
414,2019-02-19,8.88,33.5,0.0
415,2019-02-20,6.56,27.67,0.0
416,2019-02-21,7.79,27.42,0.0
417,2019-02-22,9.61,32.44,0.0
418,2019-02-23,7.25,33.5,0.0
419,2019-02-24,9.69,31.5,0.0
420,2019-02-25,10.88,30.19,0.0
421,2019-02-26,10.81,30.75,0.0
422,2019-02-27,12.06,26.59,0.0
423,2019-02-28,13.31,21.55,0.1
424,2019-03-01,13.56,27.11,0.0
425,2019-03-02,12.7,14.67,0.78
426,2019-03-03,13.45,26.68,0.0
427,2019-03-04,12.95,28.45,0.0
428,2019-03-05,12.56,28.25,0.0
429,2019-03-06,11.92,15.65,0.98
430,2019-03-07,12.36,26.07,0.01
431,2019-03-08,10.39,29.11,0.0
432,2019-03-09,8.95,30.0,0.0
433,2019-03-10,9.06,26.75,0.1
434,2019-03-11,10.31,27.19,0.0
435,2019-03-12,15.81,30.06,0.0
436,2019-03-13,14.0,33.56,0.0
437,2019-03-14,12.5,33.56,0.0
438,2019-03-15,14.06,33.56,0.0
439,2019-03-16,20.25,33.56,0.0
440,2019-03-17,17.88,33.56,0.0
441,2019-03-18,17.81,33.56,0.0
442,2019-03-19,15.19,29.25,0.0
443,2019-03-20,13.92,26.08,0.0
444,2019-03-21,10.88,24.35,1.57
445,2019-03-22,10.75,33.31,0.0
446,2019-03-23,12.89,27.28,0.0
447,2019-03-24,12.1,31.65,0.0
448,2019-03-25,15.12,33.56,0.0
449,2019-03-26,14.62,30.69,0.0
450,2019-03-27,13.71,27.59,0.0
451,2019-03-28,13.83,30.83,0.0
452,2019-03-29,15.06,33.59,0.0
453,2019-03-30,16.94,33.12,0.0
454,2019-03-31,18.12,33.56,0.0
455,2019-04-01,19.75,31.69,0.0
456,2019-04-02,16.67,32.0,0.0
457,2019-04-03,14.38,26.35,0.0
458,2019-04-04,13.82,27.14,0.0
459,2019-04-05,13.88,29.12,0.0
460,2019-04-06,15.0,30.78,0.0
461,2019-04-07,17.06,32.94,0.0
462,2019-04-08,21.5,31.56,0.0
463,2019-04-09,20.12,32.65,0.0
464,2019-04-10,17.76,32.24,0.0
465,2019-04-11,18.67,32.5,0.0
466,2019-04-12,18.35,33.35,0.0
467,2019-04-13,17.56,33.56,0.0
468,2019-04-14,17.31,32.81,0.0
469,2019-04-15,14.81,32.38,0.0
470,2019-04-16,13.67,26.1,0.0
471,2019-04-17,14.94,33.62,0.0
472,2019-04-18,19.38,33.62,0.0
473,2019-04-19,18.69,31.0,0.0
474,2019-04-20,13.85,26.05,0.0
475,2019-04-21,14.21,27.79,0.0
476,2019-04-22,15.35,32.53,0.0
477,2019-04-23,18.69,33.62,0.0
478,2019-04-24,18.93,33.67,0.0
479,2019-04-25,17.5,28.0,0.0
480,2019-04-26,16.4,29.05,0.0
481,2019-04-27,14.85,25.25,0.0
482,2019-04-28,15.04,25.38,0.0
483,2019-04-29,13.67,20.24,0.15
484,2019-04-30,14.17,25.78,0.0
485,2019-05-01,14.62,32.38,0.0
486,2019-05-02,15.19,32.12,0.0
487,2019-05-03,15.45,29.8,0.0
488,2019-05-04,15.75,28.85,0.0
489,2019-05-05,15.84,28.74,0.0
490,2019-05-06,14.55,25.85,0.03
491,2019-05-07,14.71,26.06,0.0
492,2019-05-08,14.52,26.0,0.0
493,2019-05-09,14.78,26.0,0.0
494,2019-05-10,14.38,21.71,0.1
495,2019-05-11,16.05,27.84,0.12
496,2019-05-12,16.48,30.95,0.0
497,2019-05-13,17.19,25.71,0.0
498,2019-05-14,17.77,25.5,0.0
499,2019-05-15,15.74,25.58,0.0
500,2019-05-16,14.34,16.91,0.41
501,2019-05-17,15.72,32.78,0.0
502,2019-05-18,15.44,32.0,0.0
503,2019-05-19,12.05,20.05,0.24
504,2019-05-20,14.52,31.48,0.0
505,2019-05-21,14.17,27.3,0.0
506,2019-05-22,15.23,27.5,0.15
507,2019-05-23,13.5,26.77,0.0
508,2019-05-24,14.75,33.38,0.0
509,2019-05-25,14.77,30.82,0.0
510,2019-05-26,13.09,24.09,0.0
511,2019-05-27,12.53,31.0,0.0
512,2019-05-28,15.06,33.41,0.0
513,2019-05-29,16.0,33.0,0.0
514,2019-05-30,17.05,30.7,0.0
515,2019-05-31,16.26,28.21,0.0
516,2019-06-01,15.15,25.75,0.0
517,2019-06-02,15.81,26.0,0.0
518,2019-06-03,16.22,27.78,0.0
519,2019-06-04,16.25,26.5,0.0
520,2019-06-05,18.33,25.95,0.0
521,2019-06-06,19.05,28.47,0.0
522,2019-06-07,18.48,28.52,0.0
523,2019-06-08,18.79,28.63,0.0
524,2019-06-09,20.9,30.05,0.0
525,2019-06-10,25.12,32.12,0.0
526,2019-06-11,26.62,31.62,0.0
527,2019-06-12,23.56,33.12,0.0
528,2019-06-13,18.27,26.95,0.0
529,2019-06-14,17.7,26.7,0.0
530,2019-06-15,17.95,27.95,0.0
531,2019-06-16,17.67,27.0,0.0
532,2019-06-17,17.04,26.0,0.0
533,2019-06-18,17.79,26.21,0.0
534,2019-06-19,19.1,26.35,0.0
535,2019-06-20,17.67,26.44,0.0
536,2019-06-21,16.27,21.0,0.08
537,2019-06-22,18.47,27.65,0.0
538,2019-06-23,17.74,31.58,0.0
539,2019-06-24,17.91,26.7,0.0
540,2019-06-25,17.75,24.2,0.0
541,2019-06-26,17.65,25.65,0.0
542,2019-06-27,17.86,26.71,0.0
543,2019-06-28,18.86,30.62,0.0
544,2019-06-29,21.06,33.62,0.0
545,2019-06-30,23.12,33.62,0.0
546,2019-07-01,22.31,33.62,0.0
547,2019-07-02,21.12,33.62,0.0
548,2019-07-03,19.79,30.05,0.0
549,2019-07-04,19.7,28.3,0.0
550,2019-07-05,19.28,26.89,0.0
551,2019-07-06,18.68,29.27,0.0
552,2019-07-07,18.35,26.91,0.0
553,2019-07-08,18.44,27.22,0.0
554,2019-07-09,19.4,28.95,0.0
555,2019-07-10,21.0,33.62,0.0
556,2019-07-11,22.75,33.62,0.0
557,2019-07-12,22.94,33.62,0.0
558,2019-07-13,23.75,33.62,0.0
559,2019-07-14,21.85,29.45,0.0
560,2019-07-15,23.31,33.62,0.0
561,2019-07-16,24.5,33.62,0.0
562,2019-07-17,20.77,29.23,0.0
563,2019-07-18,20.95,29.38,0.0
564,2019-07-19,18.54,29.38,0.0
565,2019-07-20,19.5,29.45,0.0
566,2019-07-21,21.31,33.62,0.0
567,2019-07-22,21.75,31.0,0.0
568,2019-07-23,26.12,27.62,0.0
569,2019-07-24,28.25,33.12,0.0
570,2019-07-25,25.94,25.38,0.0
571,2019-07-26,26.07,33.6,0.0
572,2019-07-27,26.38,33.62,0.0
573,2019-07-28,25.25,33.62,0.0
574,2019-07-29,21.3,29.63,0.0
575,2019-07-30,21.0,29.76,0.0
576,2019-07-31,21.35,31.9,0.0
577,2019-08-01,22.75,33.62,0.0
578,2019-08-02,23.69,33.62,0.0
579,2019-08-03,24.75,32.88,0.0
580,2019-08-04,24.12,33.12,0.0
581,2019-08-05,24.5,33.62,0.0
582,2019-08-06,23.35,32.71,0.0
583,2019-08-07,21.5,32.12,0.0
584,2019-08-08,20.26,32.74,0.0
585,2019-08-09,21.56,33.62,0.0
586,2019-08-10,21.38,33.62,0.0
587,2019-08-11,21.31,33.62,0.0
588,2019-08-12,20.47,32.58,0.0
589,2019-08-13,21.11,30.32,0.0
590,2019-08-14,23.62,33.62,0.0
591,2019-08-15,22.56,32.81,0.0
592,2019-08-16,20.0,29.48,0.0
593,2019-08-17,19.62,28.48,0.0
594,2019-08-18,19.75,28.8,0.0
595,2019-08-19,19.86,29.9,0.0
596,2019-08-20,22.38,33.62,0.0
597,2019-08-21,24.19,33.62,0.0
598,2019-08-22,23.06,33.62,0.0
599,2019-08-23,20.5,29.15,0.0
600,2019-08-24,24.12,33.62,0.0
601,2019-08-25,24.56,33.62,0.0
602,2019-08-26,26.0,31.88,0.0
603,2019-08-27,25.12,33.56,0.0
604,2019-08-28,22.23,30.71,0.0
605,2019-08-29,24.5,33.56,0.0
606,2019-08-30,25.62,33.56,0.0
607,2019-08-31,24.56,33.56,0.0
608,2019-09-01,25.0,33.56,0.0
609,2019-09-02,26.19,33.31,0.0
610,2019-09-03,27.38,32.81,0.0
611,2019-09-04,28.25,33.31,0.0
612,2019-09-05,28.19,31.81,0.0
613,2019-09-06,26.75,33.56,0.0
614,2019-09-07,25.81,33.56,0.0
615,2019-09-08,20.81,33.56,0.0
616,2019-09-09,20.69,33.06,0.0
617,2019-09-10,20.32,28.26,0.0
618,2019-09-11,19.45,29.95,0.0
619,2019-09-12,22.81,33.56,0.0
620,2019-09-13,25.56,33.56,0.0
621,2019-09-14,26.56,33.56,0.0
622,2019-09-15,24.44,30.56,0.0
623,2019-09-16,22.0,29.38,0.0
624,2019-09-17,20.12,32.12,0.0
625,2019-09-18,20.94,33.56,0.0
626,2019-09-19,19.62,30.58,0.0
627,2019-09-20,19.35,32.45,0.0
628,2019-09-21,21.81,33.56,0.0
629,2019-09-22,23.56,30.56,0.0
630,2019-09-23,22.47,32.7,0.0
631,2019-09-24,21.59,33.53,0.0
632,2019-09-25,22.94,33.31,0.0
633,2019-09-26,20.81,26.15,0.0
634,2019-09-27,19.75,26.0,0.0
635,2019-09-28,18.33,23.19,0.13
636,2019-09-29,16.92,29.54,0.0
637,2019-09-30,15.62,33.56,0.0
638,2019-10-01,16.0,32.59,0.0
639,2019-10-02,17.81,33.56,0.0
640,2019-10-03,17.88,33.56,0.0
641,2019-10-04,17.62,33.56,0.0
642,2019-10-05,18.88,33.56,0.0
643,2019-10-06,20.12,33.56,0.0
644,2019-10-07,21.56,33.56,0.0
645,2019-10-08,20.0,33.56,0.0
646,2019-10-09,17.55,28.2,0.0
647,2019-10-10,18.76,30.29,0.0
648,2019-10-11,21.0,25.81,0.0
649,2019-10-12,19.44,32.19,0.0
650,2019-10-13,17.12,33.56,0.0
651,2019-10-14,16.0,29.95,0.0
652,2019-10-15,18.4,33.6,0.0
653,2019-10-16,22.31,33.56,0.0
654,2019-10-17,18.45,29.45,0.0
655,2019-10-18,18.12,33.56,0.0
656,2019-10-19,18.31,32.94,0.0
657,2019-10-20,22.95,33.42,0.0
658,2019-10-21,22.88,33.31,0.0
659,2019-10-22,23.31,33.56,0.0
660,2019-10-23,22.62,33.56,0.0
661,2019-10-24,24.75,33.56,0.0
662,2019-10-25,23.69,32.81,0.0
663,2019-10-26,21.5,33.56,0.0
664,2019-10-27,17.28,29.72,0.0
665,2019-10-28,17.19,33.56,0.0
666,2019-10-29,13.75,33.56,0.0
667,2019-10-30,14.62,33.56,0.0
668,2019-10-31,13.0,33.56,0.0
669,2019-11-01,15.62,33.56,0.0
670,2019-11-02,16.12,31.62,0.0
671,2019-11-03,15.62,33.56,0.0
672,2019-11-04,16.0,33.56,0.0
673,2019-11-05,17.44,32.75,0.0
674,2019-11-06,15.88,33.56,0.0
675,2019-11-07,14.54,23.17,0.0
676,2019-11-08,19.06,33.56,0.0
677,2019-11-09,21.0,33.59,0.0
678,2019-11-10,17.31,33.56,0.0
679,2019-11-11,15.41,24.21,0.0
680,2019-11-12,16.75,32.69,0.0
681,2019-11-13,14.96,24.36,0.0
682,2019-11-14,13.71,22.88,0.0
683,2019-11-15,13.82,24.53,0.0
684,2019-11-16,16.25,32.5,0.0
685,2019-11-17,19.5,33.5,0.0
686,2019-11-18,19.31,33.5,0.0
687,2019-11-19,18.75,28.75,0.0
688,2019-11-20,12.65,20.5,0.66
689,2019-11-21,12.44,28.56,0.0
690,2019-11-22,13.69,31.69,0.0
691,2019-11-23,14.31,31.38,0.0
692,2019-11-24,14.06,31.75,0.0
693,2019-11-25,12.44,33.5,0.0
694,2019-11-26,14.0,30.94,0.0
695,2019-11-27,10.55,23.5,1.35
696,2019-11-28,7.95,17.85,0.95
697,2019-11-29,6.43,26.71,0.06
698,2019-11-30,7.62,28.81,0.0
699,2019-12-01,9.75,30.25,0.0
700,2019-12-02,11.31,29.56,0.0
701,2019-12-03,12.88,31.19,0.0
702,2019-12-04,12.78,20.07,1.13
703,2019-12-05,12.53,27.74,0.0
704,2019-12-06,13.62,28.56,0.03
705,2019-12-07,14.29,23.39,0.05
706,2019-12-08,14.3,22.86,0.8
707,2019-12-09,12.05,31.74,0.08
708,2019-12-10,11.06,30.5,0.0
709,2019-12-11,10.94,30.38,0.0
710,2019-12-12,13.5,31.88,0.0
711,2019-12-13,14.12,33.5,0.0
712,2019-12-14,13.52,21.54,0.0
713,2019-12-15,12.5,33.5,0.0
714,2019-12-16,9.69,32.62,0.0
715,2019-12-17,8.75,31.12,0.0
716,2019-12-18,8.06,28.75,0.0
717,2019-12-19,9.31,33.5,0.0
718,2019-12-20,11.94,33.5,0.0
719,2019-12-21,13.0,32.69,0.0
720,2019-12-22,13.0,29.12,0.0
721,2019-12-23,10.62,19.69,1.57
722,2019-12-24,9.71,30.59,0.0
723,2019-12-25,9.0,26.76,0.01
724,2019-12-26,7.81,25.29,2.43
725,2019-12-27,10.31,32.5,0.0
726,2019-12-28,6.94,32.25,0.0
727,2019-12-29,7.75,30.62,0.0
728,2019-12-30,10.5,26.69,0.0
729,2019-12-31,17.81,30.31,0.0
730,2020-01-01,11.44,32.5,0.0
731,2020-01-02,13.06,33.25,0.0
732,2020-01-03,12.75,31.75,0.0
733,2020-01-04,11.44,33.5,0.0
734,2020-01-05,11.76,31.29,0.0
735,2020-01-06,13.12,33.5,0.0
736,2020-01-07,14.19,31.88,0.0
737,2020-01-08,10.6,29.75,0.0
738,2020-01-09,10.05,28.32,0.0
739,2020-01-10,10.69,33.5,0.0
740,2020-01-11,8.69,32.75,0.0
741,2020-01-12,9.05,31.19,0.0
742,2020-01-13,8.3,31.2,0.0
743,2020-01-14,9.19,33.5,0.0
744,2020-01-15,9.31,33.25,0.0
745,2020-01-16,9.0,24.36,0.0
746,2020-01-17,8.89,28.11,0.23
747,2020-01-18,11.19,33.5,0.0
748,2020-01-19,12.38,30.88,0.0
749,2020-01-20,13.0,26.0,0.0
750,2020-01-21,12.67,26.94,0.0
751,2020-01-22,10.38,31.5,0.0
752,2020-01-23,13.19,33.5,0.0
753,2020-01-24,14.12,31.25,0.0
754,2020-01-25,13.19,31.62,0.0
755,2020-01-26,12.12,23.0,0.0
756,2020-01-27,13.94,29.41,0.0
757,2020-01-28,16.94,33.06,0.0
758,2020-01-29,15.71,33.06,0.0
759,2020-01-30,14.44,32.12,0.0
760,2020-01-31,14.81,32.5,0.0
761,2020-02-01,16.56,33.5,0.0
762,2020-02-02,14.88,33.25,0.0
763,2020-02-03,10.06,31.5,0.0
764,2020-02-04,10.89,33.58,0.0
765,2020-02-05,7.19,32.75,0.0
766,2020-02-06,9.06,33.0,0.0
767,2020-02-07,10.44,33.5,0.0
768,2020-02-08,11.5,33.5,0.0
769,2020-02-09,11.21,21.83,0.04
770,2020-02-10,15.62,25.31,0.0
771,2020-02-11,17.58,33.53,0.0
772,2020-02-12,10.62,33.5,0.0
773,2020-02-13,11.19,32.73,0.0
774,2020-02-14,11.44,32.06,0.0
775,2020-02-15,11.75,33.5,0.0
776,2020-02-16,12.88,31.71,0.0
777,2020-02-17,12.75,32.0,0.0
778,2020-02-18,11.88,25.38,0.0
779,2020-02-19,13.47,27.32,0.0
780,2020-02-20,14.56,33.5,0.0
781,2020-02-21,16.69,29.38,0.0
782,2020-02-22,14.27,26.82,0.05
783,2020-02-23,12.88,30.82,0.0
784,2020-02-24,12.76,33.53,0.0
785,2020-02-25,15.88,33.5,0.0
786,2020-02-26,15.56,33.5,0.0
787,2020-02-27,16.94,33.5,0.0
788,2020-02-28,20.06,29.53,0.0
789,2020-02-29,15.69,29.12,0.0
790,2020-03-01,12.84,26.64,0.0
791,2020-03-02,13.12,30.62,0.0
792,2020-03-03,18.38,33.56,0.0
793,2020-03-04,15.18,33.59,0.0
794,2020-03-05,15.06,33.56,0.0
795,2020-03-06,15.88,33.56,0.0
796,2020-03-07,13.09,26.87,0.0
797,2020-03-08,12.25,27.95,0.0
798,2020-03-09,11.81,33.19,0.0
799,2020-03-10,14.96,14.83,0.38
800,2020-03-11,15.16,25.8,0.0
801,2020-03-12,13.12,26.65,1.02
802,2020-03-13,10.83,11.64,0.9
803,2020-03-14,12.03,20.73,0.15
804,2020-03-15,12.33,24.21,0.08
805,2020-03-16,11.69,26.38,0.02
806,2020-03-17,7.75,28.31,0.0
807,2020-03-18,9.38,33.56,0.0
808,2020-03-19,10.41,28.27,0.01
809,2020-03-20,12.33,28.5,0.0
810,2020-03-21,14.0,30.0,0.0
811,2020-03-22,13.06,32.31,0.0
812,2020-03-23,12.68,23.44,0.13
813,2020-03-24,11.58,28.16,0.0
814,2020-03-25,12.32,27.16,0.0
815,2020-03-26,9.62,33.56,0.0
816,2020-03-27,11.31,33.12,0.0
817,2020-03-28,10.94,32.59,0.0
818,2020-03-29,11.88,32.44,0.0
819,2020-03-30,13.88,33.59,0.0
820,2020-03-31,16.06,33.56,0.0
821,2020-04-01,17.06,33.56,0.0
822,2020-04-02,15.23,28.86,0.0
823,2020-04-03,13.94,33.12,0.0
824,2020-04-04,13.36,27.71,0.0
825,2020-04-05,13.25,26.0,0.0
826,2020-04-06,12.0,18.06,1.24
827,2020-04-07,12.0,26.88,0.03
828,2020-04-08,9.89,23.71,0.52
829,2020-04-09,9.86,13.19,0.2
830,2020-04-10,10.38,13.94,0.46
831,2020-04-11,13.06,32.88,0.0
832,2020-04-12,13.29,25.0,0.01
833,2020-04-13,13.75,26.12,0.02
834,2020-04-14,14.19,33.62,0.0
835,2020-04-15,18.5,33.62,0.0
836,2020-04-16,16.81,33.62,0.0
837,2020-04-17,13.78,29.39,0.0
838,2020-04-18,14.24,25.62,0.0
839,2020-04-19,14.25,27.85,0.0
840,2020-04-20,14.9,28.14,0.0
841,2020-04-21,16.18,31.59,0.0
842,2020-04-22,18.81,33.62,0.0
843,2020-04-23,25.81,33.62,0.0
844,2020-04-24,24.81,33.62,0.0
845,2020-04-25,25.31,33.62,0.0
846,2020-04-26,23.62,33.62,0.0
847,2020-04-27,21.19,33.62,0.0
848,2020-04-28,21.81,33.62,0.0
849,2020-04-29,18.71,29.62,0.0
850,2020-04-30,18.89,29.42,0.0
851,2020-05-01,18.84,33.0,0.0
852,2020-05-02,18.68,32.58,0.0
853,2020-05-03,18.56,33.62,0.0
854,2020-05-04,19.5,33.62,0.0
855,2020-05-05,24.06,33.62,0.0
856,2020-05-06,25.12,33.62,0.0
857,2020-05-07,25.94,33.62,0.0
858,2020-05-08,23.12,33.62,0.0
859,2020-05-09,19.15,30.75,0.0
860,2020-05-10,17.52,27.92,0.0
861,2020-05-11,18.25,28.55,0.0
862,2020-05-12,16.33,29.56,0.0
863,2020-05-13,16.44,33.25,0.0
864,2020-05-14,18.53,33.65,0.0
865,2020-05-15,19.38,33.62,0.0
866,2020-05-16,20.56,33.62,0.0
867,2020-05-17,19.69,33.62,0.0
868,2020-05-18,17.09,18.84,0.55
869,2020-05-19,15.82,31.06,0.0
870,2020-05-20,16.62,33.62,0.0
871,2020-05-21,19.31,33.62,0.0
872,2020-05-22,18.78,33.11,0.0
873,2020-05-23,17.94,29.89,0.0
874,2020-05-24,18.81,33.62,0.0
875,2020-05-25,20.56,33.62,0.0
876,2020-05-26,22.62,33.62,0.0
877,2020-05-27,21.41,33.62,0.0
878,2020-05-28,19.21,31.11,0.0
879,2020-05-29,17.63,27.42,0.0
880,2020-05-30,18.15,30.1,0.0
881,2020-05-31,17.72,31.83,0.0
882,2020-06-01,22.47,33.65,0.0
883,2020-06-02,22.19,33.62,0.0
884,2020-06-03,26.12,33.62,0.0
885,2020-06-04,20.16,29.84,0.0
886,2020-06-05,17.2,24.5,0.0
887,2020-06-06,17.95,26.29,0.0
888,2020-06-07,18.71,33.65,0.0
889,2020-06-08,21.94,33.62,0.0
890,2020-06-09,24.5,33.62,0.0
891,2020-06-10,26.12,33.62,0.0
892,2020-06-11,25.38,33.62,0.0
893,2020-06-12,19.32,31.37,0.0
894,2020-06-13,19.25,33.62,0.0
895,2020-06-14,19.19,33.62,0.0
896,2020-06-15,20.75,33.62,0.0
897,2020-06-16,18.68,27.63,0.0
898,2020-06-17,19.24,28.67,0.0
899,2020-06-18,17.5,27.35,0.0
900,2020-06-19,18.61,29.44,0.0
901,2020-06-20,17.24,27.67,0.0
902,2020-06-21,18.65,28.4,0.0
903,2020-06-22,19.0,28.55,0.0
904,2020-06-23,19.24,29.48,0.0
905,2020-06-24,19.23,28.55,0.0
906,2020-06-25,19.24,27.43,0.0
907,2020-06-26,19.67,30.56,0.0
908,2020-06-27,19.67,30.72,0.0
909,2020-06-28,18.2,26.25,0.0
910,2020-06-29,18.15,27.0,0.0
911,2020-06-30,19.12,33.62,0.0
912,2020-07-01,18.52,27.33,0.0
913,2020-07-02,18.86,28.19,0.0
914,2020-07-03,21.81,33.62,0.0
915,2020-07-04,23.69,33.62,0.0
916,2020-07-05,22.64,25.64,0.0
917,2020-07-06,24.75,33.62,0.0
918,2020-07-07,24.39,32.94,0.0
919,2020-07-08,21.65,33.18,0.0
920,2020-07-09,20.8,32.16,0.0
921,2020-07-10,23.12,33.62,0.0
922,2020-07-11,26.94,33.62,0.0
923,2020-07-12,26.81,33.62,0.0
924,2020-07-13,24.18,33.6,0.0
925,2020-07-14,20.9,29.75,0.0
926,2020-07-15,19.5,28.8,0.0
927,2020-07-16,18.9,30.15,0.0
928,2020-07-17,20.44,33.62,0.0
929,2020-07-18,21.62,33.62,0.0
930,2020-07-19,21.81,33.62,0.0
931,2020-07-20,20.94,33.62,0.0
932,2020-07-21,21.19,33.62,0.0
933,2020-07-22,18.47,31.89,0.0
934,2020-07-23,17.74,29.05,0.0
935,2020-07-24,19.06,30.22,0.0
936,2020-07-25,19.25,31.7,0.0
937,2020-07-26,21.88,33.62,0.0
938,2020-07-27,21.06,33.62,0.0
939,2020-07-28,20.38,33.62,0.0
940,2020-07-29,21.0,33.62,0.0
941,2020-07-30,22.38,33.62,0.0
942,2020-07-31,27.88,33.62,0.0
943,2020-08-01,26.31,33.62,0.0
944,2020-08-02,25.31,33.62,0.0
945,2020-08-03,21.86,30.55,0.0
946,2020-08-04,20.36,29.1,0.0
947,2020-08-05,20.0,28.15,0.0
948,2020-08-06,19.5,27.45,0.0
949,2020-08-07,20.38,33.62,0.0
950,2020-08-08,21.56,33.62,0.0
951,2020-08-09,21.06,33.62,0.0
952,2020-08-10,20.94,33.62,0.0
953,2020-08-11,20.75,33.62,0.0
954,2020-08-12,23.12,33.62,0.0
955,2020-08-13,25.38,30.5,0.0
956,2020-08-14,28.75,33.62,0.0
957,2020-08-15,31.0,33.62,0.0
958,2020-08-16,27.38,33.62,0.0
959,2020-08-17,27.5,33.62,0.0
960,2020-08-18,29.06,33.62,0.0
961,2020-08-19,29.06,33.62,0.0
962,2020-08-20,28.56,33.62,0.0
963,2020-08-21,27.12,33.62,0.0
964,2020-08-22,27.94,33.62,0.0
965,2020-08-23,26.5,33.62,0.0
966,2020-08-24,25.38,33.62,0.0
967,2020-08-25,25.19,33.62,0.0
968,2020-08-26,25.88,33.56,0.0
969,2020-08-27,26.5,33.56,0.0
970,2020-08-28,24.5,33.56,0.0
971,2020-08-29,20.25,32.0,0.0
972,2020-08-30,19.11,31.42,0.0
973,2020-08-31,19.0,31.11,0.0
974,2020-09-01,19.1,29.25,0.0
975,2020-09-02,20.88,33.56,0.0
976,2020-09-03,22.19,32.12,0.0
977,2020-09-04,24.83,28.56,0.0
978,2020-09-05,30.0,33.56,0.0
979,2020-09-06,35.06,33.56,0.0
980,2020-09-07,28.56,33.31,0.0
981,2020-09-08,22.11,27.89,0.0
982,2020-09-09,22.88,33.56,0.0
983,2020-09-10,22.19,26.0,0.0
984,2020-09-11,21.56,22.0,0.0
985,2020-09-12,22.23,22.0,0.0
986,2020-09-13,22.53,24.16,0.0
987,2020-09-14,22.69,25.38,0.0
988,2020-09-15,24.11,22.0,0.0
989,2020-09-16,25.38,22.0,0.0
990,2020-09-17,24.06,22.0,0.0
991,2020-09-18,26.0,22.0,0.0
992,2020-09-19,25.44,22.0,0.0
993,2020-09-20,21.81,22.0,0.0
994,2020-09-21,20.53,29.12,0.0
995,2020-09-22,20.56,32.5,0.0
996,2020-09-23,22.12,33.56,0.0
997,2020-09-24,23.0,33.56,0.0
998,2020-09-25,20.0,29.27,0.0
999,2020-09-26,19.95,29.77,0.0
1000,2020-09-27,20.48,27.13,0.0
1001,2020-09-28,21.6,31.2,0.0
1002,2020-09-29,25.06,33.56,0.0
1003,2020-09-30,29.06,32.75,0.0
1004,2020-10-01,29.75,33.56,0.0
1005,2020-10-02,26.88,33.56,0.0
1006,2020-10-03,25.62,33.56,0.0
1007,2020-10-04,24.62,33.56,0.0
1008,2020-10-05,24.94,31.12,0.0
1009,2020-10-06,23.19,33.56,0.0
1010,2020-10-07,21.88,33.56,0.0
1011,2020-10-08,19.32,27.37,0.0
1012,2020-10-09,18.89,30.47,0.0
1013,2020-10-10,19.17,26.94,0.0
1014,2020-10-11,18.75,33.56,0.0
1015,2020-10-12,22.5,33.56,0.0
1016,2020-10-13,25.38,33.56,0.0
1017,2020-10-14,25.0,33.56,0.0
1018,2020-10-15,24.75,33.56,0.0
1019,2020-10-16,25.12,33.56,0.0
1020,2020-10-17,23.44,33.56,0.0
1021,2020-10-18,21.19,33.56,0.0
1022,2020-10-19,18.35,25.87,0.0
1023,2020-10-20,18.27,25.12,0.0
1024,2020-10-21,18.0,23.13,0.0
1025,2020-10-22,18.5,23.61,0.0
1026,2020-10-23,18.47,26.29,0.0
1027,2020-10-24,18.29,26.0,0.0
1028,2020-10-25,16.95,26.45,0.0
1029,2020-10-26,17.53,33.58,0.0
1030,2020-10-27,16.31,33.56,0.0
1031,2020-10-28,15.62,33.56,0.0
1032,2020-10-29,17.19,33.56,0.0
1033,2020-10-30,18.56,33.56,0.0
1034,2020-10-31,19.5,33.56,0.0
1035,2020-11-01,19.62,32.81,0.0
1036,2020-11-02,19.06,33.56,0.0
1037,2020-11-03,18.12,28.88,0.0
1038,2020-11-04,19.12,31.25,0.0
1039,2020-11-05,21.88,33.56,0.0
1040,2020-11-06,20.44,33.56,0.0
1041,2020-11-07,12.44,26.44,0.18
1042,2020-11-09,12.86,34.0,0.0
1043,2020-11-10,10.0,33.5,0.0
1044,2020-11-11,11.06,33.5,0.0
1045,2020-11-12,11.88,33.5,0.0
1046,2020-11-13,11.69,33.5,0.0
1047,2020-11-14,12.94,32.69,0.0
1048,2020-11-15,17.25,33.5,0.0
1049,2020-11-16,19.38,33.5,0.0
1050,2020-11-17,17.25,33.5,0.0
1051,2020-11-18,13.15,27.46,0.0
1052,2020-11-19,13.58,25.71,0.0
1053,2020-11-20,15.69,33.5,0.0
1054,2020-11-21,16.44,33.5,0.0
1055,2020-11-22,16.19,33.5,0.0
1056,2020-11-23,11.48,28.52,0.0
1057,2020-11-24,12.25,28.65,0.0
1058,2020-11-25,11.56,33.5,0.0
1059,2020-11-26,10.95,31.55,0.0
1060,2020-11-27,14.44,33.5,0.0
1061,2020-11-28,11.75,33.5,0.0
1062,2020-11-29,12.06,33.5,0.0
1063,2020-11-30,14.62,33.5,0.0
1064,2020-12-01,15.82,33.53,0.0
1065,2020-12-02,14.88,33.5,0.0
1066,2020-12-03,13.81,33.5,0.0
1067,2020-12-04,11.44,33.5,0.0
1068,2020-12-05,11.62,33.5,0.0
1069,2020-12-06,12.44,33.5,0.0
1070,2020-12-07,11.75,33.5,0.0
1071,2020-12-08,23.0,33.56,0.0
1072,2020-12-09,16.31,33.5,0.0
1073,2020-12-10,11.25,33.5,0.0
1074,2020-12-11,11.15,28.6,0.0
1075,2020-12-12,10.61,30.83,0.0
1076,2020-12-13,12.5,33.5,0.0
1077,2020-12-14,13.58,30.26,0.0
1078,2020-12-15,12.69,33.5,0.0
1079,2020-12-16,11.88,33.5,0.0
1080,2020-12-17,12.12,32.62,0.0
1081,2020-12-18,11.69,33.5,0.0
1082,2020-12-19,11.44,33.5,0.0
1083,2020-12-20,12.62,33.5,0.0
1084,2020-12-21,14.62,33.5,0.0
1085,2020-12-22,13.5,33.5,0.0
1086,2020-12-23,10.96,24.46,0.0
1087,2020-12-24,11.06,29.25,0.03
1088,2020-12-25,11.75,33.5,0.0
1089,2020-12-26,11.56,33.5,0.0
1090,2020-12-27,10.93,26.5,0.0
1091,2020-12-28,9.18,19.18,1.06
1092,2020-12-29,7.87,33.5,0.0
1093,2020-12-30,10.0,33.47,0.0
1094,2020-12-31,9.94,33.29,0.0
1095,2021-01-01,10.5,33.0,0.0
